CustomerID,Name,Address,ZoneID,RouteSequence,Status
1,Sowmya Khan,"#325, Margosa Road, Malleshwaram, Bengaluru 560003",1,1,Active
2,Sunitha Pai,"#474, 1st N Block, Rajajinagar, Bengaluru 560010",2,1,Active
3,Mohan Sharma,"#407, Bull Temple Road, Basavanagudi, Bengaluru 560004",3,1,Active
4,Tenzin Hegde,"#106, East End Road, Jayanagar, Bengaluru 560011",4,1,Active
5,Priya D'Souza,"#273, CMH Road, Indiranagar, Bengaluru 560038",5,1,Active
6,Ayesha Nair,"#138, 1st Block, Koramangala, Bengaluru 560034",6,1,Active
7,Girish Sharma,"#98, 8th Cross, Malleshwaram, Bengaluru 560003",1,2,Active
8,Farhan Shetty,"#451, 1st N Block, Rajajinagar, Bengaluru 560010",2,2,Active
9,Prakash Gowda,"#88, Gandhi Bazaar Main Road, Basavanagudi, Bengaluru 560004",3,2,Active
10,Sunitha Iyer,"#313, 11th Main, Jayanagar, Bengaluru 560011",4,2,Active
11,Arjun Gowda,"#174, Double Road, Indiranagar, Bengaluru 560038",5,2,Active
12,Bhavana Menon,"#388, 5th Block, Koramangala, Bengaluru 560034",6,2,Active
13,Tenzin Naidu,"#190, 4th Main, Malleshwaram, Bengaluru 560003",1,3,Active
14,Deepa Iyer,"#443, 2nd Block, Rajajinagar, Bengaluru 560010",2,3,Active
15,Vinay D'Souza,"#252, DVG Road, Basavanagudi, Bengaluru 560004",3,3,Active
16,Rekha Shetty,"#48, 11th Main, Jayanagar, Bengaluru 560011",4,3,Active
17,Priya Shetty,"#274, CMH Road, Indiranagar, Bengaluru 560038",5,3,Active
18,Anitha Bhat,"#97, 5th Block, Koramangala, Bengaluru 560034",6,3,Active
19,Sowmya D'Souza,"#276, Margosa Road, Malleshwaram, Bengaluru 560003",1,4,Active
20,Sanjay Naidu,"#206, 1st N Block, Rajajinagar, Bengaluru 560010",2,4,Active
21,Sanjay Khan,"#84, DVG Road, Basavanagudi, Bengaluru 560004",3,4,Active
22,Raghav Pai,"#297, East End Road, Jayanagar, Bengaluru 560011",4,4,Active
23,Sunitha Murthy,"#120, 100 Feet Road, Indiranagar, Bengaluru 560038",5,4,Active
24,Rekha Rao,"#195, Jyoti Nivas College Road, Koramangala, Bengaluru 560034",6,4,Active
25,Girish Murthy,"#255, 4th Main, Malleshwaram, Bengaluru 560003",1,5,Active
26,Deepa Hegde,"#315, West of Chord Road, Rajajinagar, Bengaluru 560010",2,5,Active
27,Mary Pai,"#396, KR Road, Basavanagudi, Bengaluru 560004",3,5,Active
28,Vinay Nair,"#120, 30th Cross, Jayanagar, Bengaluru 560011",4,5,Active
29,Divya Khan,"#157, Double Road, Indiranagar, Bengaluru 560038",5,5,Active
30,Lakshmi Sharma,"#90, Jyoti Nivas College Road, Koramangala, Bengaluru 560034",6,5,Active
31,Farhan Menon,"#58, 4th Main, Malleshwaram, Bengaluru 560003",1,6,Active
32,Rahul Kulkarni,"#385, Dr Rajkumar Road, Rajajinagar, Bengaluru 560010",2,6,Active
33,Joseph Iyer,"#103, Gandhi Bazaar Main Road, Basavanagudi, Bengaluru 560004",3,6,Active
34,Raghav Kamath,"#155, East End Road, Jayanagar, Bengaluru 560011",4,6,Active
35,Vikram Reddy,"#352, 100 Feet Road, Indiranagar, Bengaluru 560038",5,6,Active
36,Vikram D'Souza,"#360, 8th Block, Koramangala, Bengaluru 560034",6,6,Active
37,Prakash Nair,"#346, 15th Cross, Malleshwaram, Bengaluru 560003",1,7,Active
38,Vinay Bhat,"#72, 1st N Block, Rajajinagar, Bengaluru 560010",2,7,Active
39,Kavya Rao,"#365, Hayes Road, Basavanagudi, Bengaluru 560004",3,7,Active
40,Ramesh Bhat,"#64, 11th Main, Jayanagar, Bengaluru 560011",4,7,Active
41,Vinay Iyer,"#348, 100 Feet Road, Indiranagar, Bengaluru 560038",5,7,Active
42,Nandini Acharya,"#275, 8th Block, Koramangala, Bengaluru 560034",6,7,Active
43,Srinivas Kulkarni,"#72, 4th Main, Malleshwaram, Bengaluru 560003",1,8,Active
44,Anitha Kamath,"#376, 2nd Block, Rajajinagar, Bengaluru 560010",2,8,Active
45,Ramesh Sharma,"#165, Gandhi Bazaar Main Road, Basavanagudi, Bengaluru 560004",3,8,Active
46,Girish Khan,"#323, East End Road, Jayanagar, Bengaluru 560011",4,8,Active
47,Kiran Khan,"#396, 100 Feet Road, Indiranagar, Bengaluru 560038",5,8,Active
48,Joseph Nair,"#254, 1st Block, Koramangala, Bengaluru 560034",6,8,Suspended
49,Joseph Pai,"#342, Margosa Road, Malleshwaram, Bengaluru 560003",1,9,Active
50,Vinay Kulkarni,"#113, Dr Rajkumar Road, Rajajinagar, Bengaluru 560010",2,9,Active
51,Naveen Reddy,"#220, KR Road, Basavanagudi, Bengaluru 560004",3,9,Active
52,Mohan Kulkarni,"#130, 30th Cross, Jayanagar, Bengaluru 560011",4,9,Active
53,Sunitha Gowda,"#317, 12th Main, Indiranagar, Bengaluru 560038",5,9,Active
54,Ramesh Reddy,"#236, Jyoti Nivas College Road, Koramangala, Bengaluru 560034",6,9,Suspended
55,Joseph Gowda,"#29, 8th Cross, Malleshwaram, Bengaluru 560003",1,10,Active
56,Asha Acharya,"#78, West of Chord Road, Rajajinagar, Bengaluru 560010",2,10,Active
57,Tenzin Acharya,"#475, DVG Road, Basavanagudi, Bengaluru 560004",3,10,Active
58,Harish Khan,"#269, 11th Main, Jayanagar, Bengaluru 560011",4,10,Active
59,Joseph Shetty,"#345, 100 Feet Road, Indiranagar, Bengaluru 560038",5,10,Active
60,Sowmya Gowda,"#126, 80 Feet Road, Koramangala, Bengaluru 560034",6,10,Active
61,Vikram Bhat,"#210, Sampige Road, Malleshwaram, Bengaluru 560003",1,11,Active
62,Deepa Acharya,"#4, 1st N Block, Rajajinagar, Bengaluru 560010",2,11,Active
63,Asha Kamath,"#449, Double Road, Indiranagar, Bengaluru 560038",5,11,Active
64,Prakash Naidu,"#140, 4th Block, Rajajinagar, Bengaluru 560010",2,12,Active
65,Ayesha D'Souza,"#106, Dr Rajkumar Road, Rajajinagar, Bengaluru 560010",2,13,Active
66,Vinay Shetty,"#318, 1st Block, Koramangala, Bengaluru 560034",6,11,Active
67,Asha Menon,"#257, East End Road, Jayanagar, Bengaluru 560011",4,11,Active
68,Sunitha Khan,"#19, Sampige Road, Malleshwaram, Bengaluru 560003",1,12,Active
69,Vinay Kamath,"#221, 8th Cross, Malleshwaram, Bengaluru 560003",1,13,Active
70,Meera Shetty,"#29, 2nd Block, Rajajinagar, Bengaluru 560010",2,14,Active
71,Anitha D'Souza,"#343, 12th Main, Indiranagar, Bengaluru 560038",5,12,Active
72,Vikram Acharya,"#161, Hayes Road, Basavanagudi, Bengaluru 560004",3,11,Active
73,Bhavana Acharya,"#190, DVG Road, Basavanagudi, Bengaluru 560004",3,12,Active
