SubscriptionID,CustomerID,PublicationID,Quantity,EffectiveDate,Status
1,1,2,2,2026-06-01,Active
2,1,4,1,2026-06-01,Active
3,2,1,1,2026-06-01,Active
4,2,3,1,2026-06-01,Active
5,3,1,1,2026-06-01,Active
6,3,2,1,2026-06-01,Active
7,3,6,1,2026-06-01,Active
8,4,2,1,2026-06-01,Active
9,5,1,1,2026-06-01,Active
10,6,6,1,2026-06-01,Cancelled
11,7,3,1,2026-06-01,Active
12,7,8,1,2026-06-01,Active
13,8,5,1,2026-06-01,Active
14,9,7,2,2026-06-01,Active
15,10,1,1,2026-06-01,Active
16,10,3,1,2026-06-01,Active
17,10,5,1,2026-06-01,Active
18,11,4,1,2026-06-01,Active
19,12,6,1,2026-06-01,Active
20,13,5,1,2026-06-01,Active
21,14,4,1,2026-06-01,Active
22,15,2,1,2026-06-01,Active
23,15,4,2,2026-06-01,Active
24,15,5,1,2026-06-01,Active
25,16,2,1,2026-06-01,Active
26,17,2,1,2026-06-01,Active
27,17,5,1,2026-06-01,Active
28,18,4,1,2026-06-01,Active
29,19,1,2,2026-06-01,Active
30,19,5,2,2026-06-01,Active
31,19,6,1,2026-06-01,Active
32,20,1,1,2026-06-01,Active
33,20,2,1,2026-06-01,Active
34,20,7,1,2026-06-01,Active
35,21,1,2,2026-06-01,Active
36,22,1,1,2026-06-01,Active
37,22,5,1,2026-06-01,Active
38,23,2,1,2026-06-01,Active
39,24,7,1,2026-06-01,Active
40,25,3,1,2026-06-01,Active
41,25,7,1,2026-06-01,Active
42,26,2,1,2026-06-01,Active
43,27,1,1,2026-06-01,Active
44,27,4,1,2026-06-01,Active
45,27,5,1,2026-06-01,Active
46,28,1,1,2026-06-01,Active
47,28,5,1,2026-06-01,Active
48,29,3,1,2026-06-01,Active
49,29,4,1,2026-06-01,Active
50,30,3,1,2026-06-01,Active
51,31,1,1,2026-06-01,Active
52,31,4,1,2026-06-01,Active
53,31,5,1,2026-06-01,Active
54,32,3,1,2026-06-01,Active
55,32,4,1,2026-06-01,Active
56,33,6,1,2026-06-01,Active
57,34,3,1,2026-06-01,Active
58,35,2,2,2026-06-01,Active
59,35,6,1,2026-06-01,Active
60,36,8,1,2026-06-01,Active
61,37,4,2,2026-06-01,Active
62,37,7,1,2026-06-01,Active
63,38,4,1,2026-06-01,Active
64,38,5,2,2026-06-01,Active
65,39,3,1,2026-06-01,Active
66,40,4,1,2026-06-01,Active
67,41,1,1,2026-06-01,Active
68,42,1,1,2026-06-01,Active
69,43,6,1,2026-06-01,Active
70,44,1,1,2026-06-01,Active
71,45,1,1,2026-06-01,Active
72,45,2,1,2026-06-01,Active
73,46,3,1,2026-06-01,Active
74,47,1,1,2026-06-01,Active
75,47,2,1,2026-06-01,Active
76,47,5,1,2026-06-01,Active
77,48,7,1,2026-06-01,Active
78,49,4,1,2026-06-01,Active
79,49,7,1,2026-06-01,Active
80,50,3,1,2026-06-01,Active
81,50,4,1,2026-06-01,Active
82,51,3,1,2026-06-01,Active
83,51,4,1,2026-06-01,Active
84,52,4,1,2026-06-01,Active
85,52,5,1,2026-06-01,Active
86,53,2,1,2026-06-01,Active
87,53,3,1,2026-06-01,Active
88,54,4,1,2026-06-01,Active
89,55,5,1,2026-06-01,Active
90,56,1,1,2026-06-01,Active
91,56,2,1,2026-06-01,Active
92,57,1,1,2026-06-01,Active
93,58,2,2,2026-06-01,Active
94,59,3,1,2026-06-01,Active
95,60,1,1,2026-06-01,Active
96,60,3,1,2026-06-01,Active
97,61,1,1,2026-06-01,Active
98,62,3,1,2026-06-01,Active
99,63,2,1,2026-07-03,Active
100,63,4,2,2026-07-03,Active
101,64,1,1,2026-07-09,Active
102,64,2,1,2026-07-09,Active
103,65,3,2,2026-07-16,Active
104,66,3,1,2026-07-22,Active
105,66,6,1,2026-07-22,Active
106,67,2,1,2026-08-01,Active
107,68,3,1,2026-08-12,Active
108,68,5,1,2026-08-12,Active
109,69,2,1,2026-08-19,Active
110,69,5,1,2026-08-19,Active
111,70,5,1,2026-08-26,Active
112,71,1,1,2026-09-04,Active
113,72,4,1,2026-09-11,Active
114,73,3,1,2026-09-18,Active
115,6,3,1,2026-08-22,Active
116,9,7,2,2026-09-01,Active
117,13,7,1,2026-10-01,Active
118,21,4,1,2026-10-03,Active
119,32,3,1,2026-10-05,Active
