LineItemID,InvoiceID,PublicationID,TotalCopies,LineTotal
1,1,2,58,319.0
2,1,4,30,150.0
3,2,3,30,300.0
4,2,8,30,180.0
5,3,5,30,150.0
6,4,1,60,360.0
7,4,5,60,300.0
8,4,6,29,145.0
9,5,3,30,300.0
10,5,7,30,300.0
11,6,1,26,156.0
12,6,4,26,130.0
13,6,5,25,125.0
14,7,4,40,200.0
15,7,7,21,210.0
16,8,6,30,150.0
17,9,4,29,145.0
18,9,7,30,300.0
19,10,5,29,145.0
20,11,1,28,168.0
21,12,1,26,156.0
22,12,3,25,250.0
23,13,5,30,150.0
24,14,4,30,150.0
25,15,1,30,180.0
26,15,2,30,165.0
27,15,7,30,300.0
28,16,2,30,165.0
29,17,3,30,300.0
30,17,4,30,150.0
31,18,4,30,150.0
32,18,5,58,290.0
33,19,1,30,180.0
34,20,3,30,300.0
35,20,4,30,150.0
36,21,1,28,168.0
37,21,2,28,154.0
38,22,3,30,300.0
39,23,1,30,180.0
40,23,2,29,159.5
41,23,6,29,145.0
42,24,7,60,600.0
43,25,2,30,165.0
44,25,4,58,290.0
45,25,5,29,145.0
46,26,1,60,360.0
47,27,1,30,180.0
48,27,4,30,150.0
49,27,5,30,150.0
50,28,6,27,135.0
51,29,3,30,300.0
52,30,1,30,180.0
53,30,2,29,159.5
54,31,3,30,300.0
55,31,4,29,145.0
56,32,1,30,180.0
57,33,2,28,154.0
58,34,1,30,180.0
59,34,3,30,300.0
60,34,5,30,150.0
61,35,2,30,165.0
62,36,1,30,180.0
63,36,5,30,150.0
64,37,1,30,180.0
65,37,5,30,150.0
66,38,3,29,290.0
67,39,4,30,150.0
68,40,3,30,300.0
69,41,4,30,150.0
70,41,5,29,145.0
71,42,2,60,330.0
72,43,1,30,180.0
73,44,4,29,145.0
74,45,2,30,165.0
75,45,5,29,145.0
76,46,2,29,159.5
77,47,3,29,290.0
78,47,4,28,140.0
79,48,2,60,330.0
80,48,6,28,140.0
81,49,1,29,174.0
82,50,1,30,180.0
83,50,2,29,159.5
84,50,5,30,150.0
85,51,2,30,165.0
86,51,3,30,300.0
87,52,3,30,300.0
88,53,6,29,145.0
89,54,6,29,145.0
90,55,4,29,145.0
91,56,7,30,300.0
92,57,3,30,300.0
93,58,8,29,174.0
94,59,1,30,180.0
95,60,7,29,290.0
96,61,4,29,145.0
97,62,1,29,174.0
98,62,3,30,300.0
99,63,2,62,341.0
100,63,4,31,155.0
101,64,3,31,310.0
102,64,8,31,186.0
103,65,5,30,150.0
104,66,1,62,372.0
105,66,5,62,310.0
106,66,6,31,155.0
107,67,3,31,310.0
108,67,7,30,300.0
109,68,1,31,186.0
110,68,4,30,150.0
111,68,5,31,155.0
112,69,4,60,300.0
113,69,7,31,310.0
114,70,6,31,155.0
115,71,4,30,150.0
116,71,7,31,310.0
117,72,5,31,155.0
118,73,1,30,180.0
119,74,1,31,186.0
120,74,3,31,310.0
121,75,5,31,155.0
122,76,4,31,155.0
123,77,1,30,180.0
124,77,2,31,170.5
125,77,7,31,310.0
126,78,2,31,170.5
127,79,3,31,310.0
128,79,4,31,155.0
129,80,4,21,105.0
130,80,5,42,210.0
131,81,1,30,180.0
132,82,4,31,155.0
133,82,3,30,300.0
134,83,3,31,310.0
135,84,1,31,186.0
136,84,2,30,165.0
137,84,6,31,155.0
138,85,7,60,600.0
139,86,2,30,165.0
140,86,4,58,290.0
141,86,5,31,155.0
142,87,1,62,372.0
143,88,1,31,186.0
144,88,4,31,155.0
145,88,5,31,155.0
146,89,6,31,155.0
147,90,3,31,310.0
148,91,1,31,186.0
149,91,2,30,165.0
150,92,3,31,310.0
151,92,4,30,150.0
152,93,1,30,180.0
153,94,2,30,165.0
154,95,1,31,186.0
155,95,3,29,290.0
156,95,5,31,155.0
157,96,2,30,165.0
158,97,1,24,144.0
159,97,5,24,120.0
160,98,1,22,132.0
161,98,5,23,115.0
162,99,3,31,310.0
163,100,4,31,155.0
164,101,3,31,310.0
165,102,4,19,95.0
166,102,5,21,105.0
167,103,2,62,341.0
168,104,1,31,186.0
169,105,4,31,155.0
170,106,2,31,170.5
171,106,5,30,150.0
172,107,2,30,165.0
173,108,3,31,310.0
174,108,4,31,155.0
175,109,2,62,341.0
176,109,6,31,155.0
177,110,1,31,186.0
178,111,1,31,186.0
179,111,2,31,170.5
180,111,5,31,155.0
181,112,2,31,170.5
182,112,3,31,310.0
183,113,3,31,310.0
184,114,6,31,155.0
185,115,6,31,155.0
186,116,4,31,155.0
187,117,7,30,300.0
188,118,3,31,310.0
189,119,8,31,186.0
190,120,1,31,186.0
191,121,7,30,300.0
192,122,4,30,150.0
193,123,1,30,180.0
194,123,3,30,300.0
195,124,2,29,159.5
196,124,4,58,290.0
197,125,1,25,150.0
198,125,2,25,137.5
199,126,1,22,132.0
200,126,2,23,126.5
201,127,3,32,320.0
202,128,3,9,90.0
203,128,6,10,50.0
204,129,2,62,341.0
205,129,4,31,155.0
206,130,3,31,310.0
207,130,8,31,186.0
208,131,5,31,155.0
209,132,1,62,434.0
210,132,5,60,300.0
211,132,6,30,150.0
212,133,3,31,310.0
213,133,7,31,310.0
214,134,1,31,217.0
215,134,4,31,155.0
216,134,5,31,155.0
217,135,4,58,290.0
218,135,7,31,310.0
219,136,6,30,150.0
220,137,4,31,155.0
221,137,7,30,300.0
222,138,5,31,155.0
223,139,1,31,217.0
224,140,1,24,168.0
225,140,3,24,240.0
226,141,5,31,155.0
227,142,4,31,155.0
228,143,1,31,217.0
229,143,2,30,165.0
230,143,7,31,310.0
231,144,2,29,159.5
232,145,3,30,300.0
233,145,4,30,150.0
234,146,4,31,155.0
235,146,5,60,300.0
236,147,1,31,217.0
237,148,3,30,300.0
238,148,4,31,155.0
239,149,1,31,217.0
240,149,2,31,170.5
241,150,3,31,310.0
242,151,1,31,217.0
243,151,2,31,170.5
244,152,3,60,600.0
245,153,1,31,217.0
246,153,2,31,170.5
247,153,6,31,155.0
248,154,7,46,460.0
249,155,2,31,170.5
250,155,4,62,310.0
251,155,5,31,155.0
252,156,1,62,434.0
253,157,1,31,217.0
254,157,4,30,150.0
255,157,5,31,155.0
256,158,6,30,150.0
257,159,3,30,300.0
258,160,1,31,217.0
259,160,2,31,170.5
260,161,3,31,310.0
261,161,4,30,150.0
262,162,1,29,203.0
263,163,2,30,165.0
264,164,1,31,217.0
265,164,3,29,290.0
266,164,5,31,155.0
267,165,2,31,170.5
268,166,1,31,217.0
269,166,5,31,155.0
270,167,1,26,182.0
271,167,5,26,130.0
272,168,3,21,210.0
273,169,4,31,155.0
274,170,3,31,310.0
275,171,4,21,105.0
276,171,5,21,105.0
277,172,2,58,319.0
278,173,2,31,170.5
279,174,1,31,217.0
280,175,4,30,150.0
281,176,2,31,170.5
282,176,5,31,155.0
283,177,2,30,165.0
284,178,3,31,310.0
285,178,4,31,155.0
286,179,2,58,319.0
287,179,6,31,155.0
288,180,1,30,210.0
289,181,1,31,217.0
290,181,2,31,170.5
291,181,5,31,155.0
292,182,2,30,165.0
293,182,3,31,310.0
294,183,3,30,300.0
295,184,2,31,170.5
296,184,4,62,310.0
297,185,6,14,70.0
298,185,3,10,100.0
299,186,6,31,155.0
300,187,4,31,155.0
301,188,7,31,310.0
302,189,3,31,310.0
303,190,8,31,186.0
304,191,1,30,210.0
305,192,7,31,310.0
306,193,4,31,155.0
307,194,1,31,217.0
308,194,3,30,300.0
309,195,3,30,300.0
310,195,6,31,155.0
311,196,3,19,190.0
312,196,5,20,100.0
313,197,5,13,65.0
314,197,2,11,60.5
315,198,5,6,30.0
