PaymentID,CustomerID,AmountPaid,PaymentDate,Method,ReferenceNumber
1,13,150.0,2026-07-03,Cash,R-3776
2,57,180.0,2026-07-03,Cheque,464636
3,59,300.0,2026-07-03,Cheque,332768
4,60,474.0,2026-07-03,Cash,R-8001
5,45,339.5,2026-07-04,Cash,R-5488
6,22,330.0,2026-07-04,Cheque,651765
7,47,489.5,2026-07-04,Cash,R-6819
8,24,300.0,2026-07-04,Cash,R-4117
9,7,480.0,2026-07-05,Cheque,748360
10,2,406.0,2026-07-05,Cash,R-6335
11,33,135.0,2026-07-05,Cash,R-1491
12,28,330.0,2026-07-05,Cheque,699532
13,35,470.0,2026-07-05,Cheque,698504
14,20,320.0,2026-07-06,Cash,R-1686
15,32,220.0,2026-07-06,Cash,R-8540
16,15,600.0,2026-07-06,Cash,R-7454
17,11,90.0,2026-07-06,Cash,R-2828
18,17,310.0,2026-07-06,Cash,R-6883
19,4,154.0,2026-07-07,Cheque,102865
20,46,300.0,2026-07-07,Cash,R-1852
21,14,80.0,2026-07-08,Cash,R-6476
22,58,330.0,2026-07-08,Cash,R-5989
23,23,159.5,2026-07-08,Cheque,394410
24,44,180.0,2026-07-09,Cheque,222163
25,40,150.0,2026-07-09,Cash,R-3087
26,41,174.0,2026-07-09,Cheque,518511
27,53,230.0,2026-07-09,Cheque,679839
28,12,145.0,2026-07-09,Cheque,979023
29,18,145.0,2026-07-09,Cash,R-7423
30,30,180.0,2026-07-09,Cheque,533071
31,31,411.0,2026-07-10,Cash,R-7747
32,26,165.0,2026-07-10,Cash,R-9128
33,34,290.0,2026-07-10,Cash,R-6960
34,5,180.0,2026-07-10,Cheque,188326
35,25,600.0,2026-07-11,Cheque,547014
36,43,150.0,2026-07-11,Cash,R-5002
37,21,360.0,2026-07-11,Cash,R-7511
38,29,430.0,2026-07-11,Cheque,497438
39,36,174.0,2026-07-11,Cheque,537586
40,19,805.0,2026-07-12,Cheque,281769
41,50,450.0,2026-07-12,Cash,R-7499
42,56,322.0,2026-07-12,Cash,R-3652
43,52,295.0,2026-07-12,Cash,R-5638
44,37,410.0,2026-07-13,Cash,R-6567
45,38,440.0,2026-07-13,Cash,R-4432
46,51,180.0,2026-07-13,Cheque,589117
47,10,630.0,2026-07-13,Cash,R-5987
48,42,180.0,2026-07-13,Cheque,574194
49,55,70.0,2026-07-15,Cheque,995026
50,27,480.0,2026-07-17,Cash,R-4701
51,16,165.0,2026-07-17,Cheque,540354
52,6,145.0,2026-07-19,Cash,R-8028
53,49,445.0,2026-07-24,Cash,R-1438
54,62,300.0,2026-07-24,Cash,R-3010
55,61,168.0,2026-07-25,Cheque,165158
56,8,150.0,2026-07-27,Cash,R-6353
57,3,484.5,2026-08-02,Cheque,798693
58,39,300.0,2026-08-02,Cash,R-4520
59,52,200.0,2026-08-03,Cash,R-3610
60,58,341.0,2026-08-03,Cheque,853324
61,23,165.0,2026-08-03,Cash,R-6816
62,9,600.0,2026-08-04,Cash,R-5620
63,18,155.0,2026-08-04,Cheque,595319
64,24,300.0,2026-08-04,Cash,R-1910
65,63,449.5,2026-08-04,Cash,R-5484
66,20,325.0,2026-08-05,Cash,R-4554
67,2,496.0,2026-08-05,Cash,R-8793
68,26,170.5,2026-08-05,Cheque,364573
69,40,155.0,2026-08-05,Cheque,189443
70,64,258.5,2026-08-05,Cheque,827459
71,30,120.0,2026-08-06,Cash,R-4462
72,13,150.0,2026-08-06,Cash,R-4504
73,33,155.0,2026-08-06,Cash,R-1120
74,46,310.0,2026-08-06,Cash,R-8159
75,29,465.0,2026-08-06,Cash,R-7889
76,12,155.0,2026-08-06,Cheque,744398
77,43,155.0,2026-08-07,Cash,R-6585
78,57,180.0,2026-08-07,Cash,R-5957
79,10,631.0,2026-08-07,Cheque,452801
80,22,264.0,2026-08-07,Cash,R-9314
81,30,190.0,2026-08-07,Cheque,813314
82,66,140.0,2026-08-08,Cheque,317038
83,45,351.0,2026-08-09,Cash,R-7226
84,28,247.0,2026-08-09,Cheque,944011
85,41,186.0,2026-08-09,Cash,R-6991
86,60,480.0,2026-08-09,Cash,R-7562
87,31,491.0,2026-08-10,Cash,R-4446
88,14,90.0,2026-08-10,Cash,R-5745
89,38,315.0,2026-08-10,Cash,R-5244
90,15,610.0,2026-08-10,Cash,R-4408
91,21,372.0,2026-08-10,Cheque,938770
92,4,165.0,2026-08-10,Cheque,801401
93,59,310.0,2026-08-10,Cheque,408649
94,65,320.0,2026-08-10,Cash,R-5220
95,55,75.0,2026-08-11,Cash,R-9596
96,19,837.0,2026-08-11,Cash,R-2891
97,25,610.0,2026-08-11,Cash,R-5337
98,37,610.0,2026-08-11,Cash,R-8485
99,50,455.0,2026-08-11,Cash,R-2439
100,5,186.0,2026-08-11,Cash,R-9342
101,17,320.5,2026-08-11,Cheque,515537
102,35,496.0,2026-08-11,Cash,R-2885
103,55,60.0,2026-08-12,Cash,R-5193
104,20,260.0,2026-08-12,Cheque,388567
105,44,180.0,2026-08-12,Cash,R-1472
106,51,280.0,2026-08-12,Cash,R-2948
107,53,290.0,2026-08-12,Cash,R-6367
108,42,186.0,2026-08-12,Cheque,386465
109,56,287.5,2026-08-12,Cash,R-1597
110,7,496.0,2026-08-13,Cash,R-9888
111,34,310.0,2026-08-13,Cash,R-4878
112,11,80.0,2026-08-13,Cheque,202645
113,47,511.5,2026-08-13,Cash,R-6346
114,36,186.0,2026-08-13,Cheque,131736
115,32,280.0,2026-08-16,Cheque,422636
116,32,230.0,2026-08-17,Cash,R-3111
117,14,70.0,2026-08-18,Cash,R-7818
118,11,55.0,2026-08-18,Cash,R-7132
119,51,265.0,2026-08-19,Cash,R-1386
120,53,235.0,2026-08-19,Cash,R-9787
121,3,506.0,2026-08-20,Cash,R-5833
122,6,155.0,2026-08-20,Cash,R-5566
123,27,496.0,2026-08-24,Cash,R-8479
124,62,310.0,2026-08-25,Cash,R-4317
125,9,600.0,2026-08-26,Cash,R-2635
126,16,165.0,2026-08-26,Cash,R-6873
127,49,460.0,2026-08-30,Cash,R-6649
128,8,155.0,2026-08-31,Cash,R-7815
129,35,474.0,2026-09-03,Cash,R-3560
130,60,517.0,2026-09-03,Cash,R-2402
131,61,180.0,2026-09-04,Cheque,403232
132,39,310.0,2026-09-04,Cash,R-4118
133,25,620.0,2026-09-04,Cash,R-2577
134,10,662.0,2026-09-04,Cash,R-7908
135,28,312.0,2026-09-04,Cheque,606344
136,68,290.0,2026-09-04,Cash,R-4597
137,23,165.0,2026-09-05,Cash,R-8613
138,29,465.0,2026-09-05,Cheque,985562
139,12,155.0,2026-09-05,Cash,R-2524
140,24,310.0,2026-09-05,Cash,R-1101
141,36,186.0,2026-09-05,Cash,R-2814
142,69,125.5,2026-09-05,Cash,R-8432
143,7,496.0,2026-09-06,Cheque,491545
144,26,159.5,2026-09-06,Cash,R-6549
145,15,635.5,2026-09-06,Cash,R-7030
146,58,319.0,2026-09-06,Cheque,799696
147,53,240.0,2026-09-06,Cash,R-6795
148,18,155.0,2026-09-06,Cash,R-6741
149,32,180.0,2026-09-07,Cheque,303996
150,5,217.0,2026-09-07,Cash,R-5475
151,11,60.0,2026-09-07,Cash,R-6588
152,17,325.5,2026-09-07,Cash,R-2844
153,42,210.0,2026-09-07,Cheque,546827
154,19,884.0,2026-09-08,Cheque,293181
155,45,387.5,2026-09-08,Cash,R-7140
156,4,165.0,2026-09-08,Cash,R-1945
157,63,480.5,2026-09-08,Cheque,145256
158,14,65.0,2026-09-09,Cash,R-9499
159,20,350.0,2026-09-09,Cash,R-5016
160,38,455.0,2026-09-09,Cash,R-4710
161,50,455.0,2026-09-09,Cheque,811175
162,56,387.5,2026-09-09,Cash,R-8325
163,66,455.0,2026-09-09,Cheque,529680
164,2,408.0,2026-09-10,Cash,R-2411
165,44,217.0,2026-09-10,Cash,R-9060
166,64,387.5,2026-09-10,Cash,R-7697
167,34,210.0,2026-09-10,Cheque,808396
168,46,310.0,2026-09-10,Cheque,612643
169,13,155.0,2026-09-11,Cheque,244871
170,43,150.0,2026-09-11,Cash,R-5145
171,65,600.0,2026-09-11,Cash,R-2037
172,59,300.0,2026-09-11,Cash,R-3004
173,31,527.0,2026-09-12,Cash,R-1194
174,37,600.0,2026-09-12,Cash,R-2575
175,14,60.0,2026-09-12,Cash,R-5359
176,67,90.0,2026-09-12,Cheque,327670
177,41,210.0,2026-09-12,Cash,R-1361
178,55,80.0,2026-09-13,Cash,R-8826
179,21,434.0,2026-09-13,Cash,R-3550
180,33,150.0,2026-09-13,Cash,R-5221
181,57,203.0,2026-09-13,Cheque,478100
182,22,372.0,2026-09-13,Cheque,510787
183,40,155.0,2026-09-13,Cash,R-3591
184,52,210.0,2026-09-13,Cheque,490604
185,47,542.5,2026-09-13,Cheque,552863
186,11,75.0,2026-09-14,Cash,R-2812
187,51,280.0,2026-09-14,Cash,R-2715
188,30,190.0,2026-09-15,Cash,R-2214
189,53,190.5,2026-09-16,Cash,R-8378
190,1,1461.0,2026-09-16,Cash,R-2809
191,70,30.0,2026-09-17,Cheque,614874
192,55,95.0,2026-09-18,Cash,R-6513
193,20,400.5,2026-09-18,Cheque,970940
194,30,120.0,2026-09-18,Cash,R-5735
195,27,522.0,2026-09-18,Cheque,374812
196,32,185.0,2026-09-19,Cash,R-8337
197,6,170.0,2026-09-19,Cheque,770779
198,51,180.0,2026-09-20,Cash,R-2350
199,8,155.0,2026-09-21,Cheque,292499
200,9,460.0,2026-09-24,Cash,R-6898
201,16,170.5,2026-09-24,Cash,R-8682
202,61,217.0,2026-09-28,Cash,R-2627
