InvoiceID,CustomerID,BillingMonth,TotalAmount,PaymentStatus,ReminderSent
1,1,2026-07-01,469.0,Paid,true
2,7,2026-07-01,480.0,Paid,false
3,13,2026-07-01,150.0,Paid,false
4,19,2026-07-01,805.0,Paid,false
5,25,2026-07-01,600.0,Paid,false
6,31,2026-07-01,411.0,Paid,false
7,37,2026-07-01,410.0,Paid,false
8,43,2026-07-01,150.0,Paid,false
9,49,2026-07-01,445.0,Paid,false
10,55,2026-07-01,145.0,Paid,true
11,61,2026-07-01,168.0,Paid,false
12,2,2026-07-01,406.0,Paid,false
13,8,2026-07-01,150.0,Paid,false
14,14,2026-07-01,150.0,Paid,true
15,20,2026-07-01,645.0,Paid,true
16,26,2026-07-01,165.0,Paid,false
17,32,2026-07-01,450.0,Paid,true
18,38,2026-07-01,440.0,Paid,false
19,44,2026-07-01,180.0,Paid,false
20,50,2026-07-01,450.0,Paid,false
21,56,2026-07-01,322.0,Paid,false
22,62,2026-07-01,300.0,Paid,false
23,3,2026-07-01,484.5,Paid,true
24,9,2026-07-01,600.0,Paid,true
25,15,2026-07-01,600.0,Paid,false
26,21,2026-07-01,360.0,Paid,false
27,27,2026-07-01,480.0,Paid,false
28,33,2026-07-01,135.0,Paid,false
29,39,2026-07-01,300.0,Paid,true
30,45,2026-07-01,339.5,Paid,false
31,51,2026-07-01,445.0,Paid,true
32,57,2026-07-01,180.0,Paid,false
33,4,2026-07-01,154.0,Paid,false
34,10,2026-07-01,630.0,Paid,false
35,16,2026-07-01,165.0,Paid,false
36,22,2026-07-01,330.0,Paid,false
37,28,2026-07-01,330.0,Paid,false
38,34,2026-07-01,290.0,Paid,false
39,40,2026-07-01,150.0,Paid,false
40,46,2026-07-01,300.0,Paid,false
41,52,2026-07-01,295.0,Paid,false
42,58,2026-07-01,330.0,Paid,false
43,5,2026-07-01,180.0,Paid,false
44,11,2026-07-01,145.0,Paid,true
45,17,2026-07-01,310.0,Paid,false
46,23,2026-07-01,159.5,Paid,false
47,29,2026-07-01,430.0,Paid,false
48,35,2026-07-01,470.0,Paid,false
49,41,2026-07-01,174.0,Paid,false
50,47,2026-07-01,489.5,Paid,false
51,53,2026-07-01,465.0,Paid,true
52,59,2026-07-01,300.0,Paid,false
53,6,2026-07-01,145.0,Paid,false
54,12,2026-07-01,145.0,Paid,false
55,18,2026-07-01,145.0,Paid,false
56,24,2026-07-01,300.0,Paid,false
57,30,2026-07-01,300.0,Paid,true
58,36,2026-07-01,174.0,Paid,false
59,42,2026-07-01,180.0,Paid,false
60,48,2026-07-01,290.0,Unpaid,true
61,54,2026-07-01,145.0,Unpaid,true
62,60,2026-07-01,474.0,Paid,false
63,1,2026-08-01,496.0,Paid,true
64,7,2026-08-01,496.0,Paid,false
65,13,2026-08-01,150.0,Paid,false
66,19,2026-08-01,837.0,Paid,false
67,25,2026-08-01,610.0,Paid,false
68,31,2026-08-01,491.0,Paid,false
69,37,2026-08-01,610.0,Paid,false
70,43,2026-08-01,155.0,Paid,false
71,49,2026-08-01,460.0,Paid,false
72,55,2026-08-01,155.0,Paid,true
73,61,2026-08-01,180.0,Paid,true
74,2,2026-08-01,496.0,Paid,false
75,8,2026-08-01,155.0,Paid,false
76,14,2026-08-01,155.0,Paid,true
77,20,2026-08-01,660.5,Paid,true
78,26,2026-08-01,170.5,Paid,false
79,32,2026-08-01,465.0,Paid,true
80,38,2026-08-01,315.0,Paid,false
81,44,2026-08-01,180.0,Paid,false
82,50,2026-08-01,455.0,Paid,false
83,62,2026-08-01,310.0,Paid,false
84,3,2026-08-01,506.0,Paid,false
85,9,2026-08-01,600.0,Paid,false
86,15,2026-08-01,610.0,Paid,false
87,21,2026-08-01,372.0,Paid,false
88,27,2026-08-01,496.0,Paid,false
89,33,2026-08-01,155.0,Paid,false
90,39,2026-08-01,310.0,Paid,true
91,45,2026-08-01,351.0,Paid,false
92,51,2026-08-01,460.0,Paid,true
93,57,2026-08-01,180.0,Paid,false
94,4,2026-08-01,165.0,Paid,false
95,10,2026-08-01,631.0,Paid,false
96,16,2026-08-01,165.0,Paid,false
97,22,2026-08-01,264.0,Paid,false
98,28,2026-08-01,247.0,Paid,false
99,34,2026-08-01,310.0,Paid,false
100,40,2026-08-01,155.0,Paid,false
101,46,2026-08-01,310.0,Paid,false
102,52,2026-08-01,200.0,Paid,false
103,58,2026-08-01,341.0,Paid,false
104,5,2026-08-01,186.0,Paid,false
105,11,2026-08-01,155.0,Paid,true
106,17,2026-08-01,320.5,Paid,false
107,23,2026-08-01,165.0,Paid,false
108,29,2026-08-01,465.0,Paid,false
109,35,2026-08-01,496.0,Paid,false
110,41,2026-08-01,186.0,Paid,false
111,47,2026-08-01,511.5,Paid,false
112,53,2026-08-01,480.5,Paid,true
113,59,2026-08-01,310.0,Paid,false
114,6,2026-08-01,155.0,Paid,false
115,12,2026-08-01,155.0,Paid,false
116,18,2026-08-01,155.0,Paid,false
117,24,2026-08-01,300.0,Paid,false
118,30,2026-08-01,310.0,Paid,true
119,36,2026-08-01,186.0,Paid,false
120,42,2026-08-01,186.0,Paid,false
121,48,2026-08-01,300.0,Unpaid,true
122,54,2026-08-01,150.0,Unpaid,true
123,60,2026-08-01,480.0,Paid,false
124,63,2026-08-01,449.5,Paid,false
125,56,2026-08-01,287.5,Paid,false
126,64,2026-08-01,258.5,Paid,false
127,65,2026-08-01,320.0,Paid,false
128,66,2026-08-01,140.0,Paid,false
129,1,2026-09-01,496.0,Paid,false
130,7,2026-09-01,496.0,Paid,false
131,13,2026-09-01,155.0,Paid,false
132,19,2026-09-01,884.0,Paid,false
133,25,2026-09-01,620.0,Paid,false
134,31,2026-09-01,527.0,Paid,false
135,37,2026-09-01,600.0,Paid,false
136,43,2026-09-01,150.0,Paid,false
137,49,2026-09-01,455.0,Unpaid,false
138,55,2026-09-01,155.0,Partial,false
139,61,2026-09-01,217.0,Paid,false
140,2,2026-09-01,408.0,Paid,false
141,8,2026-09-01,155.0,Paid,false
142,14,2026-09-01,155.0,Partial,false
143,20,2026-09-01,692.0,Partial,false
144,26,2026-09-01,159.5,Paid,false
145,32,2026-09-01,450.0,Partial,false
146,38,2026-09-01,455.0,Paid,false
147,44,2026-09-01,217.0,Paid,false
148,50,2026-09-01,455.0,Paid,false
149,56,2026-09-01,387.5,Paid,false
150,62,2026-09-01,310.0,Unpaid,false
151,64,2026-09-01,387.5,Paid,false
152,65,2026-09-01,600.0,Paid,false
153,3,2026-09-01,542.5,Unpaid,false
154,9,2026-09-01,460.0,Paid,false
155,15,2026-09-01,635.5,Paid,false
156,21,2026-09-01,434.0,Paid,false
157,27,2026-09-01,522.0,Paid,false
158,33,2026-09-01,150.0,Paid,false
159,39,2026-09-01,300.0,Unpaid,false
160,45,2026-09-01,387.5,Paid,false
161,51,2026-09-01,460.0,Partial,false
162,57,2026-09-01,203.0,Paid,false
163,4,2026-09-01,165.0,Paid,false
164,10,2026-09-01,662.0,Paid,false
165,16,2026-09-01,170.5,Paid,false
166,22,2026-09-01,372.0,Paid,false
167,28,2026-09-01,312.0,Paid,false
168,34,2026-09-01,210.0,Paid,false
169,40,2026-09-01,155.0,Paid,false
170,46,2026-09-01,310.0,Paid,false
171,52,2026-09-01,210.0,Paid,false
172,58,2026-09-01,319.0,Paid,false
173,67,2026-09-01,170.5,Partial,false
174,5,2026-09-01,217.0,Paid,false
175,11,2026-09-01,150.0,Partial,false
176,17,2026-09-01,325.5,Paid,false
177,23,2026-09-01,165.0,Paid,false
178,29,2026-09-01,465.0,Paid,false
179,35,2026-09-01,474.0,Paid,false
180,41,2026-09-01,210.0,Paid,false
181,47,2026-09-01,542.5,Paid,false
182,53,2026-09-01,475.0,Partial,false
183,59,2026-09-01,300.0,Paid,false
184,63,2026-09-01,480.5,Paid,false
185,6,2026-09-01,170.0,Paid,false
186,12,2026-09-01,155.0,Paid,false
187,18,2026-09-01,155.0,Paid,false
188,24,2026-09-01,310.0,Paid,false
189,30,2026-09-01,310.0,Partial,false
190,36,2026-09-01,186.0,Paid,false
191,42,2026-09-01,210.0,Paid,false
192,48,2026-09-01,310.0,Unpaid,false
193,54,2026-09-01,155.0,Unpaid,false
194,60,2026-09-01,517.0,Paid,false
195,66,2026-09-01,455.0,Paid,false
196,68,2026-09-01,290.0,Paid,false
197,69,2026-09-01,125.5,Paid,false
198,70,2026-09-01,30.0,Paid,false
