HoldID,CustomerID,StartDate,EndDate
1,34,2026-08-18,2026-08-27
2,49,2026-09-02,2026-09-11
3,37,2026-06-20,2026-06-28
4,31,2026-06-19,2026-06-22
5,52,2026-07-09,2026-07-18
6,28,2026-08-19,2026-08-23
7,28,2026-07-12,2026-07-19
8,2,2026-08-08,2026-08-14
9,2,2026-06-07,2026-06-10
10,9,2026-08-09,2026-08-16
11,38,2026-07-20,2026-07-29
12,52,2026-08-12,2026-08-21
13,56,2026-06-29,2026-07-06
14,22,2026-07-04,2026-07-10
15,60,2026-09-27,2026-10-03
16,35,2026-09-29,2026-10-02
17,29,2026-10-04,2026-10-12
18,13,2026-10-10,2026-10-18
