CustomerID,Name,Address,ZoneID,RouteSequence,Status
1,Srinivas Rao,12-1-45 Ameerpet Main Road,1,1,Active
2,Lakshmi Devi,3-6-78 Ameerpet Colony,1,2,Active
3,Ravi Teja,5-9-12 Kukatpally Housing Board,2,1,Active
4,Priya Sharma,7-1-34 KPHB Colony Phase 3,2,2,Active
5,Venkat Reddy,8-2-56 Begumpet Road,3,1,Active
6,Anitha Kumari,10-3-78 Begumpet Gandhi Nagar,3,2,Active
7,Mahesh Babu,11-4-90 Madhapur Hitech City,4,1,Active
8,Kavitha Rani,2-5-67 Madhapur Ayyappa Society,4,2,Active
9,Rajesh Kumar,6-7-89 Kukatpally Allwyn Colony,2,3,Active
10,Sunitha Reddy,4-8-23 Ameerpet Bharat Nagar,1,3,Active
11,Naresh Goud,9-1-45 Begumpet Rasoolpura,3,3,Suspended
12,Padma Latha,1-2-34 Madhapur Kavuri Hills,4,3,Active
