SubscriptionID,CustomerID,PublicationID,Quantity,EffectiveDate,Status
1,1,1,1,2025-01-01,Active
2,1,2,1,2025-01-01,Active
3,2,1,1,2025-01-15,Active
4,2,3,1,2025-02-01,Active
5,3,2,1,2025-01-01,Active
6,3,4,1,2025-01-01,Active
7,4,1,1,2025-02-01,Active
8,4,6,1,2025-02-01,Active
9,5,3,1,2025-01-01,Active
10,5,1,1,2025-03-01,Active
11,6,2,1,2025-01-01,Active
12,6,5,1,2025-01-15,Active
13,7,4,2,2025-01-01,Active
14,7,1,1,2025-02-01,Active
15,8,1,1,2025-01-01,Active
16,8,3,1,2025-01-01,Active
17,9,2,1,2025-03-01,Active
18,9,6,1,2025-03-01,Active
19,10,1,1,2025-01-01,Active
20,10,4,1,2025-02-01,Active
21,12,1,1,2025-01-01,Active
22,12,2,1,2025-01-01,Active
